{
    "intents": [
        {"tag": "greeting",
         "patterns": ["Hi there", " ", "Is anyone there?", "Hey", "Hola", "Hello", "Good day"],
         "responses": ["Hello", "Good to see you again", "Hi there, how can I help?"],
         "context": [""]
        },
        {"tag": "goodbye",
         "patterns": ["Bye", "See you later", "Goodbye", "Nice chatting to you, bye", "Till next time"],
         "responses": ["See you!", "Have a nice day", "Bye! Come back again soon."],
         "context": [""]
        },
        {"tag": "thanks",
         "patterns": ["Thanks", "Thank you", "That's helpful", "Awesome, thanks", "Thanks for helping me"],
         "responses": ["My pleasure", "You're welcome"],
         "context": [""]
        },
        {"tag": "query",
         "patterns": ["What is Big bang?", "What is Simple_learn?"],
         "responses": ["The big bang is how astronomers explain the way the universe began.", 
                       "Simple_learn is the popular online Bootcamp & online courses learning platform"],
         "context": [""]
        }
    ]
}
